Message_body,Label
Rofl. Its true to its name,1
The guy did some bitching but I acted like i'd be interested in buying something else next week and he gave it to us for free,1
"Pity, * was in mood for that. So...any other suggestions?",1
Will ü b going to esplanade fr home?,1
"This is the 2nd time we have tried 2 contact u. U have won the £750 Pound prize. 2 claim is easy, call 087187272008 NOW1! Only 10p per minute. BT-national-rate.",0
"REMINDER FROM O2: To get 2.50 pounds free call credit and details of great offers pls reply 2 this text with your valid name, house no and postcode",0
Huh y lei...,1
Why don't you wait 'til at least wednesday to see if you get your .,1
Ard 6 like dat lor.,1
Ok lor... Sony ericsson salesman... I ask shuhui then she say quite gd 2 use so i considering...,1
Get me out of this dump heap. My mom decided to come to lowes. BORING.,1
Anything lor. Juz both of us lor.,1
if you aren't here in the next  &lt;#&gt;  hours imma flip my shit,1
"Sorry, I'll call later",1
No. I meant the calculation is the same. That  &lt;#&gt; units at  &lt;#&gt; . This school is really expensive. Have you started practicing your accent. Because its important. And have you decided if you are doing 4years of dental school or if you'll just do the nmde exam.,1
Yes i have. So that's why u texted. Pshew...missing you so much,1
Yeh. Indians was nice. Tho it did kane me off a bit he he. We shud go out 4 a drink sometime soon. Mite hav 2 go 2 da works 4 a laugh soon. Love Pete x x,1
Well keep in mind I've only got enough gas for one more round trip barring a sudden influx of cash,1
Hahaha..use your brain dear,1
Have a safe trip to Nigeria. Wish you happiness and very soon company to share moments with,1
Wen did you get so spiritual and deep. That's great,1
"Cool, what time you think you can get here?",1
"You know, wot people wear. T shirts, jumpers, hat, belt, is all we know. We r at Cribbs",1
"No, I was trying it all weekend ;V",1
Ic. There are a lotta childporn cars then.,1
Hi its in durban are you still on this number,1
"I'm taking derek &amp; taylor to walmart, if I'm not back by the time you're done just leave the mouse on my desk and I'll text you when priscilla's ready",1
U still havent got urself a jacket ah?,1
Armand says get your ass over to epsilon,1
Yeah it's jus rite...,1
ASKED 3MOBILE IF 0870 CHATLINES INCLU IN FREE MINS. INDIA CUST SERVs SED YES. L8ER GOT MEGA BILL. 3 DONT GIV A SHIT. BAILIFF DUE IN DAYS. I O £250 3 WANT £800,0
Just sleeping..and surfing,1
I can't believe how attached I am to seeing you every day. I know you will do the best you can to get to me babe. I will go to teach my class at your midnight,1
Want explicit SEX in 30 secs? Ring 02073162414 now! Costs 20p/min Gsex POBOX 2667 WC1N 3XX,0
Aiyah ok wat as long as got improve can already wat...,1
"I know you are thinkin malaria. But relax, children cant handle malaria. She would have been worse and its gastroenteritis. If she takes enough to replace her loss her temp will reduce. And if you give her malaria meds now she will just vomit. Its a self limiting illness she has which means in a few days it will completely stop",1
Ok which your another number,1
"Hey chief, can you give me a bell when you get this. Need to talk to you about this royal visit on the 1st june. ",1
happened here while you were adventuring,1
Compliments to you. Was away from the system. How your side.,1
I think that tantrum's finished so yeah I'll be by at some point,1
What about this one then.,1
Its just the effect of irritation. Just ignore it,1
"Total disappointment, when I texted you was the craziest shit got :(",1
PRIVATE! Your 2003 Account Statement for shows 800 un-redeemed S.I.M. points. Call 08718738001 Identifier Code: 49557 Expires 26/11/04,0
I want to tell you how bad I feel that basically the only times I text you lately are when I need drugs,1
You are awarded a SiPix Digital Camera! call 09061221061 from landline. Delivery within 28days. T Cs Box177. M221BP. 2yr warranty. 150ppm. 16 . p p£3.99,0
Going to join tomorrow.,1
Thats cool. I want to please you...,1
You are a big chic. Common. Declare,1
No. I dont want to hear anything,1
Can you pls send me that company name. In saibaba colany,1
"By the way, i've put a skip right outside the front of the house so you can see which house it is. Just pull up before it.",1
Miles and smiles r made frm same letters but do u know d difference..? smile on ur face keeps me happy even though I am miles away from u.. :-)keep smiling.. Good nyt,1
"Ya, i'm referin to mei's ex wat... No ah, waitin 4 u to treat, somebody shld b rich liao...So gd, den u dun have to work frm tmr onwards...",1
You are a great role model. You are giving so much and i really wish each day for a miracle but God as a reason for everything and i must say i wish i knew why but i dont. I've looked up to you since i was young and i still do. Have a great day.,1
Oh... Okie lor...We go on sat... ,1
Yes. Please leave at  &lt;#&gt; . So that at  &lt;#&gt;  we can leave,1
"Just making dinner, you ?",1
"Its reassuring, in this crazy world.",1
I went to project centre,1
Lol they were mad at first but then they woke up and gave in.,1
"Machan you go to gym tomorrow,  i wil come late goodnight.",1
I want to be inside you every night...,1
God's love has no limit. God's grace has no measure. God's power has no boundaries. May u have God's endless blessings always in ur life...!! Gud ni8,1
What i told before i tell. Stupid hear after i wont tell anything to you. You dad called to my brother and spoken. Not with me.,1
Wait . I will msg after  &lt;#&gt;  min.,1
"Perhaps * is much easy give your account identification, so i will tomorrow at UNI",1
Apo all other are mokka players only,1
PRIVATE! Your 2003 Account Statement for 07808247860 shows 800 un-redeemed S. I. M. points. Call 08719899229 Identifier Code: 40411 Expires 06/11/04,0
Love has one law; Make happy the person you love. In the same way friendship has one law; Never make ur friend feel alone until you are alive.... Gud night,1
Now get step 2 outta the way. Congrats again.,1
Why did I wake up on my own &gt;:(,1
"SMS SERVICES. for your inclusive text credits, pls goto www.comuk.net login= 3qxj9 unsubscribe with STOP, no extra charge. help 08702840625.COMUK. 220-CM2 9AE",0
Yes... I trust u to buy new stuff ASAP so I can try it out,1
"Good afternoon, my love ... How goes your day ? How did you sleep ? I hope your well, my boytoy ... I think of you ...",1
"Cool, we shall go and see, have to go to tip anyway. Are you at home, got something to drop in later? So lets go to town tonight! Maybe mum can take us in.",1
I think if he rule tamilnadu..then its very tough for our people.,1
Marvel Mobile Play the official Ultimate Spider-man game (£4.50) on ur mobile right now. Text SPIDER to 83338 for the game & we ll send u a FREE 8Ball wallpaper,0
U studying in sch or going home? Anyway i'll b going 2 sch later.,1
K. I will sent it again,1
Oh thanks a lot..i already bought 2 eggs ..,1
K. I will sent it again,1
2p per min to call Germany 08448350055 from your BT line. Just 2p per min. Check PlanetTalkInstant.com for info & T's & C's. Text stop to opt out,0
Ofcourse I also upload some songs,1
Also fuck you and your family for going to rhode island or wherever the fuck and leaving me all alone the week I have a new bong &gt;:(,1
", ,  and  picking them up from various points | going 2 yeovil | and they will do the motor project 4 3 hours | and then u take them home. || 12 2 5.30 max. || Very easy",1
So li hai... Me bored now da lecturer repeating last weeks stuff waste time... ,1
URGENT We are trying to contact you Last weekends draw shows u have won a £1000 prize GUARANTEED Call 09064017295 Claim code K52 Valid 12hrs 150p pm,0
Shall call now dear having food,1
Have you seen who's back at Holby?!,1
Really do hope the work doesnt get stressful. Have a gr8 day.,1
No probably  &lt;#&gt; %.,1
What Today-sunday..sunday is holiday..so no work..,1
Yes princess! I want to please you every night. Your wish is my command...,1
Dhoni have luck to win some big title.so we will win:),1
Where's mummy's boy ? Is he being good or bad ? Is he being positive or negative ? Why is mummy being made to wait? Hmmmm?,1
Ok lor ü reaching then message me.,1
Well obviously not because all the people in my cool college life went home ;_;,1
Yup,1
I thought slide is enough.,1
Ok lor.,1
"URGENT! Last weekend's draw shows that you have won £1000 cash or a Spanish holiday! CALL NOW 09050000332 to claim. T&C: RSTM, SW7 3SS. 150ppm",0
Get your garden ready for summer with a FREE selection of summer bulbs and seeds worth £33:50 only with The Scotsman this Saturday. To stop go2 notxt.co.uk,0
http//tms. widelive.com/index. wml?id=820554ad0a1705572711&first=true¡C C Ringtone¡,0
Shall I bring us a bottle of wine to keep us amused? Only joking! Ill bring one anyway,1
I will treasure every moment we spend together...,1
U GOIN OUT 2NITE?,1
Txt: CALL to No: 86888 & claim your reward of 3 hours talk time to use from your phone now! Subscribe6GBP/mnth inc 3hrs 16 stop?txtStop www.gamb.tv,0
Ok i thk i got it. Then u wan me 2 come now or wat?,1
December only! Had your mobile 11mths+? You are entitled to update to the latest colour camera mobile for Free! Call The Mobile Update Co FREE on 08002986906,0
If you hear a loud scream in about &lt;#&gt; minutes its cause my Gyno will be shoving things up me that don't belong :/,1
"Sorry, I'll call later",1
Arun can u transfr me d amt,1
For the most sparkling shopping breaks from 45 per person; call 0121 2025050 or visit www.shortbreaks.org.uk,0
Wishing you a beautiful day. Each moment revealing even more things to keep you smiling. Do enjoy it.,1
Im just wondering what your doing right now?,1
Except theres a chick with huge boobs.,1
What???? Hello wats talks email address?,1
Just sing HU. I think its also important to find someone female that know the place well preferably a citizen that is also smart to help you navigate through. Even things like choosing a phone plan require guidance. When in doubt ask especially girls.,1
Sac needs to carry on:),1
"Latest News! Police station toilet stolen, cops have nothing to go on!",0
"aight we can pick some up, you open before tonight?",1
So that takes away some money worries,1
I am back. Good journey! Let me know if you need any of the receipts. Shall i tell you like the pendent?,1
"And that's fine, I got enough bud to last most of the night at least",1
Good morning. At the repair shop--the ONLY reason i'm up at this hour.,1
You have won a guaranteed 32000 award or maybe even £1000 cash to claim ur award call free on 0800 ..... (18+). Its a legitimat efreefone number wat do u think???,0
"I thought i'd get him a watch, just cos thats the kind of thing u get4an18th. And he loves so much!",1
"By the way, make sure u get train to worc foregate street not shrub hill. Have fun night x",1
Thank you. do you generally date the brothas?,1
Hey i've booked the 2 lessons on sun liao...,1
What are youdoing later? Sar xxx,1
Am slow in using biola's fne,1
Mode men or have you left.,1
I'm wif him now buying tix lar...,1
Jesus armand really is trying to tell everybody he can find,1
You're gonna have to be way more specific than that,1
Thanx a lot 4 ur help!,1
If I was I wasn't paying attention,1
"If you can make it any time tonight or whenever you can it's cool, just text me whenever you're around",1
"Er yeah, i will b there at 15:26, sorry! Just tell me which pub/cafe to sit in and come wen u can",1
You didnt complete your gist oh.,1
Santa Calling! Would your little ones like a call from Santa Xmas eve? Call 09058094583 to book your time.,0
Oh yeah! And my diet just flew out the window,1
Otherwise had part time job na-tuition..,1
U horrible gal... U knew dat i was going out wif him yest n u still come n ask me...,1
"Sorry, I'll call later",1
Ok k..sry i knw 2 siva..tats y i askd..,1
"Hi elaine, is today's meeting confirmed?",1
I dont know oh. Hopefully this month.,1
I'm at bruce &amp; fowler now but I'm in my mom's car so I can't park (long story),1
So how are you really. What are you up to. How's the masters. And so on.,1
Nope. I just forgot. Will show next week,1
My slave! I want you to take 2 or 3 pictures of yourself today in bright light on your cell phone! Bright light!,1
You should get more chicken broth if you want ramen unless there's some I don't know about,1
East coast,1
Nite nite pocay wocay luv u more than n e thing 4eva I promise ring u 2morrowxxxx,1
Gr8. So how do you handle the victoria island traffic. Plus when's the album due,1
I ask if u meeting da ge tmr nite...,1
"Daddy, shu shu is looking 4 u... U wan me 2 tell him u're not in singapore or wat?",1
There is a first time for everything :),1
... Are you in the pub?,1
Yup he msg me: is tat yijue? Then i tot it's my group mate cos we meeting today mah... I'm askin if ü leaving earlier or wat mah cos mayb ü haf to walk v far...,1
Dear are you angry i was busy dear,1
So how many days since then?,1
Pls give her prometazine syrup. 5mls then  &lt;#&gt; mins later feed.,1
So gd got free ice cream... I oso wan...,1
Hi babe its me thanks for coming even though it didnt go that well!i just wanted my bed! Hope to see you soon love and kisses xxx,1
Babes I think I got ur brolly I left it in English wil bring it in 2mrw 4 u luv Franxx,1
HARD BUT TRUE: How much you show &amp;  express your love to someone....that much it will hurt when they leave you or you get seperated...!?????ud evening...,1
And he's apparently bffs with carly quick now,1
Hi. Hope you had a good day. Have a better night.,1
That's necessarily respectful,1
As in i want custom officer discount oh.,1
Dunno lei shd b driving lor cos i go sch 1 hr oni.,1
I dont know exactly could you ask chechi.,1
"All done, all handed in. Don't know if mega shop in asda counts as celebration but thats what i'm doing!",1
Ooooooh I forgot to tell u I can get on yoville on my phone,1
Watching ajith film ah?,1
Nt joking seriously i told,1
Ok.ok ok..then..whats ur todays plan,1
NOT MUCH NO FIGHTS. IT WAS A GOOD NITE!!,1
I will be gentle baby! Soon you will be taking all  &lt;#&gt;  inches deep inside your tight pussy...,1
I'm at work. Please call,1
How do friends help us in problems? They give the most stupid suggestion that Lands us into another problem and helps us forgt the previous problem,1
How are you babes. Hope your doing ok. I had a shit nights sleep. I fell asleep at 5.Im knackered and im dreading work tonight. What are thou upto tonight. X,1
Good day to You too.Pray for me.Remove the teeth as its painful maintaining other stuff.,1
"I can make it up there, squeezed  &lt;#&gt;  bucks out of my dad",1
You have 1 new message. Call 0207-083-6089,0
Its sunny in california. The weather's just cool,1
Somebody set up a website where you can play hold em using eve online spacebucks,1
"Free entry to the gr8prizes wkly comp 4 a chance to win the latest Nokia 8800, PSP or £250 cash every wk.TXT GREAT to 80878 http//www.gr8prizes.com 08715705022",0
The current leading bid is 151. To pause this auction send OUT. Customer Care: 08718726270,0
I don't want you to leave. But i'm barely doing what i can to stay sane. fighting with you constantly isn't helping.,1
I cant pick the phone right now. Pls send a message,1
Do u konw waht is rael FRIENDSHIP Im gving yuo an exmpel: Jsut ese tihs msg.. Evrey splleing of tihs msg is wrnog.. Bt sitll yuo can raed it wihtuot ayn mitsake.. GOODNIGHT &amp; HAVE A NICE SLEEP..SWEET DREAMS..,1
"K I'll head out in a few mins, see you there",1
"Ok., is any problem to u frm him? Wats matter?",1
"Lol, oh you got a friend for the dog ?",1
dating:i have had two of these. Only started after i sent a text to talk sport radio last week. Any connection do you think or coincidence?,0
Hi mom we might be back later than  &lt;#&gt; ,1
IMPORTANT MESSAGE. This is a final contact attempt. You have important messages waiting out our customer claims dept. Expires 13/4/04. Call 08717507382 NOW!,0
Just trying to figure out when I'm suppose to see a couple different people this week. We said we'd get together but I didn't set dates,1
A £400 XMAS REWARD IS WAITING FOR YOU! Our computer has randomly picked you from our loyal mobile customers to receive a £400 reward. Just call 09066380611,0
Call 09095350301 and send our girls into erotic ecstacy. Just 60p/min. To stop texts call 08712460324 (nat rate),0
"I think your mentor is , but not 100 percent sure.",1
I'm in inside office..still filling forms.don know when they leave me.,1
Yep get with the program. You're slacking.,1
"Hey, iouri gave me your number, I'm wylie, ryan's friend",1
This is ur face test ( 1 2 3 4 5 6 7 8 9  &lt;#&gt;  ) select any number i will tell ur face astrology.... am waiting. quick reply...,1
Hmm. Shall i bring a bottle of wine to keep us amused? Just joking! I'll still bring a bottle. Red or white? See you tomorrow,1
Ok,1
Tell me something. Thats okay.,1
"Living is very simple.. Loving is also simple.. Laughing is too simple.. Winning is tooo simple.. But, Being 'SIMPLE' is very difficult...;-) :-)",1
Aiyo cos i sms ü then ü neva reply so i wait 4 ü to reply lar. I tot ü havent finish ur lab wat.,1
Guai... Ü shd haf seen him when he's naughty... Ü so free today? Can go jogging...,1
Good morning princess! Have a great day!,1
Yup it's at paragon... I havent decided whether 2 cut yet... Hee...,1
No one interested. May be some business plan.,1
I'm home...,1
Do I? I thought I put it back in the box,1
No sir. That's why i had an 8-hr trip on the bus last week. Have another audition next wednesday but i think i might drive this time.,1
"My Parents, My Kidz, My Friends n My Colleagues. All screaming.. SURPRISE !! and I was waiting on the sofa.. ... ..... ' NAKED...!",1
Wat ü doing now?,1
When you guys planning on coming over?,1
No go. No openings for that room 'til after thanksgiving without an upcharge.,1
"u r subscribed 2 TEXTCOMP 250 wkly comp. 1st wk?s free question follows, subsequent wks charged@150p/msg.2 unsubscribe txt STOP 2 84128,custcare 08712405020",0
And of course you should make a stink!,1
Are u awake? Is there snow there?,1
You'd like that wouldn't you? Jerk!,1
So when do you wanna gym?,1
My birthday is on feb  &lt;#&gt;  da. .,1
Sounds better than my evening im just doing my costume. Im not sure what time i finish tomorrow but i will txt you at the end.,1
No. It's not pride. I'm almost  &lt;#&gt;  years old and shouldn't be takin money from my kid. You're not supposed to have to deal with this stuff. This is grownup stuff--why i don't tell you.,1
"Garbage bags, eggs, jam, bread, hannaford wheat chex",1
"Neither [in sterm voice] - i'm studying. All fine with me! Not sure the  thing will be resolved, tho. Anyway. Have a fab hols",1
I think steyn surely get one wicket:),1
X course it 2yrs. Just so her messages on messenger lik you r sending me,1
Dude im no longer a pisces. Im an aquarius now.,1
"Sir, waiting for your letter.",1
Sweet heart how are you?,1
Wishing you a wonderful week.,1
What makes you most happy?,1
"Gal n boy walking in d park. gal-can i hold ur hand? boy-y? do u think i would run away? gal-no, jst wana c how it feels walking in heaven with an prince..GN:-)",1
"Dear Sir,Salam Alaikkum.Pride and Pleasure meeting you today at the Tea Shop.We are pleased to send you our contact number at Qatar.Rakhesh an Indian.Pls save our Number.Respectful Regards.",1
Aah bless! How's your arm?,1
"Thanks, I'll keep that in mind",1
Ok no problem... Yup i'm going to sch at 4 if i rem correctly...,1
But we havent got da topic yet rite?,1
Kothi print out marandratha.,1
"Good morning, my Love ... I go to sleep now and wish you a great day full of feeling better and opportunity ... You are my last thought babe, I LOVE YOU *kiss*",1
"K, fyi I'm back in my parents' place in south tampa so I might need to do the deal somewhere else",1
Jus finish watching tv... U?,1
Hahaha..use your brain dear,1
Get the official ENGLAND poly ringtone or colour flag on yer mobile for tonights game! Text TONE or FLAG to 84199. Optout txt ENG STOP Box39822 W111WX £1.50,0
My sister going to earn more than me da.,1
Here got ur favorite oyster... N got my favorite sashimi... Ok lar i dun say already... Wait ur stomach start rumbling...,1
K.k:)i'm going to tirunelvali this week to see my uncle ..i already spend the amount by taking dress .so only i want money.i will give it on feb 1,1
"yeah, that's what I was thinking",1
"Jolly good! By the way,  will give u tickets for sat eve 7.30. Speak before then x",1
I'm coming back on Thursday. Yay. Is it gonna be ok to get the money. Cheers. Oh yeah and how are you. Everything alright. Hows school. Or do you call it work now,1
What you did in  leave.,1
Ill be at yours in about 3 mins but look out for me,1
Hi missed your Call and my mumHas beendropping red wine all over theplace! what is your adress?,1
Pls ask macho how much is budget for bb bold 2 is cos i saw a new one for  &lt;#&gt;  dollars.,1
"I can. But it will tell quite long, cos i haven't finish my film yet...",1
About  &lt;#&gt; bucks. The banks fees are fixed. Better to call the bank and find out.,1
At WHAT TIME should i come tomorrow,1
I can't make it tonight,1
Well good morning mr . Hows london treatin' ya treacle?,1
I.ll hand her my phone to chat wit u,1
My darling sister. How are you doing. When's school resuming. Is there a minimum wait period before you reapply? Do take care,1
Are u coming to the funeral home,1
Alex says he's not ok with you not being ok with it,1
XMAS iscoming & ur awarded either £500 CD gift vouchers & free entry 2 r £100 weekly draw txt MUSIC to 87066 TnC www.Ldew.com1win150ppmx3age16subscription ,0
I donno its in your genes or something,1
Urgent! Please call 09061213237 from landline. £5000 cash or a luxury 4* Canary Islands Holiday await collection. T&Cs SAE PO Box 177. M227XY. 150ppm. 16+,0
Xy trying smth now. U eat already? We havent...,1
Dear where you. Call me,1
Hey! Congrats 2u2. id luv 2 but ive had 2 go home!,1
An excellent thought by a misundrstud frnd: I knw u hate me bt the day wen u'll knw the truth u'll hate urself:-( Gn:-),1
Hey ! Don't forget ... You are MINE ... For ME ... My possession ... MY property ... MMM ... *childish smile* ...,1
I'm still pretty weak today .. Bad day ?,1
"URGENT! You have won a 1 week FREE membership in our £100,000 Prize Jackpot! Txt the word: CLAIM to No: 81010 T&C www.dbuk.net LCCLTD POBOX 4403LDNW1A7RW18",0
Sent me ur email id soon,1
"Yeah, probably here for a while",1
I have gone into get info bt dont know what to do,1
"And how you will do that, princess? :)",1
"Vikky, come around  &lt;TIME&gt; ..",1
"Helloooo... Wake up..! ""Sweet"" ""morning"" ""welcomes"" ""You"" ""Enjoy"" ""This Day"" ""with full of joy"".. ""GUD MRNG"".",1
URGENT! Your Mobile number has been awarded with a £2000 prize GUARANTEED. Call 09061790126 from land line. Claim 3030. Valid 12hrs only 150ppm,0
"Best msg: It's hard to be with a person, when u know that one more step foward will make u fall in love.. &amp; One step back can ruin ur friendship.. good night:-) ...",1
Dunno leh cant remember mayb lor. So wat time r we meeting tmr?,1
Oh yeah clearly it's my fault,1
"Hi. Hope ur day * good! Back from walk, table booked for half eight. Let me know when ur coming over.",1
Its too late:)but its k.wish you the same.,1
"Hello.How u doing?What u been up 2?When will u b moving out of the flat, cos I will need to arrange to pick up the lamp, etc. Take care. Hello caroline!",1
So u wan 2 come for our dinner tonight a not?,1
Did u fix the teeth?if not do it asap.ok take care.,1
"If you don't, your prize will go to another customer. T&C at www.t-c.biz 18+ 150p/min Polo Ltd Suite 373 London W1J 6HL Please call back if busy ",0
"ER, ENJOYIN INDIANS AT THE MO..yeP. SaLL gOoD HehE ;> hows bout u shexy? Pete Xx",1
Anything lar then ü not going home 4 dinner?,1
HI DARLIN ITS KATE ARE U UP FOR DOIN SOMETHIN TONIGHT? IM GOING TO A PUB CALLED THE SWAN OR SOMETHING WITH MY PARENTS FOR ONE DRINK SO PHONE ME IF U CAN,1
Gud ni8.swt drms.take care,1
"Storming msg: Wen u lift d phne, u say ""HELLO"" Do u knw wt is d real meaning of HELLO?? . . . It's d name of a girl..! . . . Yes.. And u knw who is dat girl?? ""Margaret Hello"" She is d girlfrnd f Grahmbell who invnted telphone... . . . . Moral:One can 4get d name of a person, bt not his girlfrnd... G o o d n i g h t . . .@",1
Pls speak with me. I wont ask anything other then you friendship.,1
Did you see that film:),1
I absolutely LOVE South Park! I only recently started watching the office.,1
If anyone calls for a treadmill say you'll buy it. Make sure its working. I found an ad on Craigslist selling for $ &lt;#&gt; .,1
Can help u swoop by picking u up from wherever ur other birds r meeting if u want.,1
1 in cbe. 2 in chennai.,1
"As usual..iam fine, happy &amp; doing well..:)",1
Well she's in for a big surprise!,1
Ok... Sweet dreams...,1
I didnt get anything da,1
Please tell me not all of my car keys are in your purse,1
You do your studies alone without anyones help. If you cant no need to study.,1
"Yeah work is fine, started last week, all the same stuff as before, dull but easy and guys are fun!",1
Urgent! Please call 09061213237 from a landline. £5000 cash or a 4* holiday await collection. T &Cs SAE PO Box 177 M227XY. 16+,0
"K I'm leaving soon, be there a little after 9",1
U come n search tat vid..not finishd..,1
Gud ni8 dear..slp well..take care..swt dreams..Muah..,1
Haven't eaten all day. I'm sitting here staring at this juicy pizza and I can't eat it. These meds are ruining my life.,1
Thank you princess! I want to see your nice juicy booty...,1
thanks for the temales it was wonderful. Thank. Have a great week.,1
Of course ! Don't tease me ... You know I simply must see ! *grins* ... Do keep me posted my prey ... *loving smile* *devouring kiss*,1
Hmm thinking lor...,1
Its a part of checking IQ,1
"Gud gud..k, chikku tke care.. sleep well gud nyt",1
"Jay wants to work out first, how's 4 sound?",1
Yeah I can still give you a ride,1
Someonone you know is trying to contact you via our dating service! To find out who it could be call from your mobile or landline 09064015307 BOX334SK38ch ,0
Am on the uworld site. Am i buying the qbank only or am i buying it with the self assessment also?,1
Ok cool. See ya then.,1
Hey what how about your project. Started aha da.,1
YOU ARE CHOSEN TO RECEIVE A £350 AWARD! Pls call claim number 09066364311 to collect your award which you are selected to receive as a valued mobile customer.,0
I realise you are a busy guy and i'm trying not to be a bother. I have to get some exams outta the way and then try the cars. Do have a gr8 day,1
"Nope, I'm still in the market",1
It means u could not keep ur words.,1
PRIVATE! Your 2003 Account Statement for <fone no> shows 800 un-redeemed S. I. M. points. Call 08715203656 Identifier Code: 42049 Expires 26/10/04,0
I re-met alex nichols from middle school and it turns out he's dealing!,1
Prabha..i'm soryda..realy..frm heart i'm sory,1
Smile in Pleasure Smile in Pain Smile when trouble pours like Rain Smile when sum1 Hurts U Smile becoz SOMEONE still Loves to see u Smiling!!,1
OH FUCK. JUSWOKE UP IN A BED ON A BOATIN THE DOCKS. SLEPT WID 25 YEAR OLD. SPINOUT! GIV U DA GOSSIP L8R. XXX,1
If I die I want u to have all my stuffs.,1
5 nights...We nt staying at port step liao...Too ex,1
"Jane babes not goin 2 wrk, feel ill after lst nite. Foned in already cover 4 me chuck.:-)",1
I have to take exam with in march 3,1
Pls she needs to dat slowly or she will vomit more.,1
I accidentally brought em home in the box,1
Well thats nice. Too bad i cant eat it,1
I am late. I will be there at,1
I keep ten rs in my shelf:) buy two egg.,1
Natalja (25/F) is inviting you to be her friend. Reply YES-440 or NO-440 See her: www.SMS.ac/u/nat27081980 STOP? Send STOP FRND to 62468,0
3 pa but not selected.,1
K.k.how is your business now?,1
It is only yesterday true true.,1
Dai i downloaded but there is only exe file which i can only run that exe after installing.,1
"I know you are thinkin malaria. But relax, children cant handle malaria. She would have been worse and its gastroenteritis. If she takes enough to replace her loss her temp will reduce. And if you give her malaria meds now she will just vomit. Its a self limiting illness she has which means in a few days it will completely stop",1
Hi.what you think about match?,1
"Babe, I'm answering you, can't you see me ? Maybe you'd better reboot YM ... I got the photo ... It's great !",1
I will reach ur home in  &lt;#&gt;  minutes,1
Had your mobile 11mths ? Update for FREE to Oranges latest colour camera mobiles & unlimited weekend calls. Call Mobile Upd8 on freefone 08000839402 or 2StopTxt,0
How come she can get it? Should b quite diff to guess rite...,1
Me fine..absolutly fine,1
WOT STUDENT DISCOUNT CAN U GET ON BOOKS?,1
"YOU VE WON! Your 4* Costa Del Sol Holiday or £5000 await collection. Call 09050090044 Now toClaim. SAE, TC s, POBox334, Stockport, SK38xh, Cost£1.50/pm, Max10mins",0
Call Germany for only 1 pence per minute! Call from a fixed line via access number 0844 861 85 85. No prepayment. Direct access! www.telediscount.co.uk,0
Ugh my leg hurts. Musta overdid it on mon.,1
She.s fine. I have had difficulties with her phone. It works with mine. Can you pls send her another friend request.,1
I like cheap! But im happy to splash out on the wine if it makes you feel better..,1
"Spook up your mob with a Halloween collection of a logo & pic message plus a free eerie tone, txt CARD SPOOK to 8007 zed 08701417012150p per logo/pic ",0
Darren was saying dat if u meeting da ge den we dun meet 4 dinner. Cos later u leave xy will feel awkward. Den u meet him 4 lunch lor.,1
Ok... Take ur time n enjoy ur dinner...,1
"It's wylie, you in tampa or sarasota?",1
Oh oh... Den muz change plan liao... Go back have to yan jiu again...,1
"Sorry, I'll call later",1
Our records indicate u maybe entitled to 5000 pounds in compensation for the Accident you had. To claim 4 free reply with CLAIM to this msg. 2 stop txt STOP,0
ree entry in 2 a weekly comp for a chance to win an ipod. Txt POD to 80182 to get entry (std txt rate) T&C's apply 08452810073 for details 18+,0
Okie,1
WHAT TIME U WRKIN?,1
I uploaded mine to Facebook,1
I just cooked a rather nice salmon a la you,1
I'm in town now so i'll jus take mrt down later.,1
"Fuuuuck I need to stop sleepin, sup",1
I sent them. Do you like?,1
K sure am in my relatives home. Sms me de. Pls:-),1
"Babe! I fucking love you too !! You know? Fuck it was so good to hear your voice. I so need that. I crave it. I can't get enough. I adore you, Ahmad *kisses*",1
"Hi hope u r both ok, he said he would text and he hasn't, have u seen him, let me down gently please ",1
SMS AUCTION - A BRAND NEW Nokia 7250 is up 4 auction today! Auction is FREE 2 join & take part! Txt NOKIA to 86021 now!,0
"Very strange.  and  are watching the 2nd one now but i'm in bed. Sweet dreams, miss u ",1
Company is very good.environment is terrific and food is really nice:),1
Raji..pls do me a favour. Pls convey my Birthday wishes to Nimya. Pls. Today is her birthday.,1
Water logging in desert. Geoenvironmental implications.,1
U 2.,1
"Aight, text me tonight and we'll see what's up",1
Oh k. . I will come tomorrow,1
I'm in school now n i'll be in da lab doing some stuff give me a call when ü r done.,1
Now i'm going for lunch.,1
"Ive got some salt, you can rub it in my open wounds if you like!",1
Oh did you charge camera,1
Y she dun believe leh? I tot i told her it's true already. I thk she muz c us tog then she believe.,1
Ü still got lessons?  Ü in sch?,1
"Congrats 2 mobile 3G Videophones R yours. call 09063458130 now! videochat wid ur mates, play java games, Dload polypH music, noline rentl. bx420. ip4. 5we. 150p",0
Ok leave no need to ask,1
Just send a text. We'll skype later.,1
Lol no. I just need to cash in my nitros. Hurry come on before I crash out!,1
Ok... Then r we meeting later?,1
No but the bluray player can,1
I will come with karnan car. Please wait till 6pm will directly goto doctor.,1
K k:) sms chat with me.,1
"Sir, I need Velusamy sir's date of birth and company bank facilities details.",1
MY NEW YEARS EVE WAS OK. I WENT TO A PARTY WITH MY BOYFRIEND. WHO IS THIS SI THEN HEY,1
"Like  &lt;#&gt; , same question",1
Haven't left yet so probably gonna be here til dinner,1
Idk. I'm sitting here in a stop and shop parking lot right now bawling my eyes out because i feel like i'm a failure in everything. Nobody wants me and now i feel like i'm failing you.,1
No problem with the renewal. I.ll do it right away but i dont know his details.,1
"Happy new year to u and ur family...may this new year bring happiness , stability and tranquility to ur vibrant colourful life:):)",1
Pls call me da. What happen.,1
K..then come wenever u lik to come and also tel vikky to come by getting free time..:-),1
Get your garden ready for summer with a FREE selection of summer bulbs and seeds worth £33:50 only with The Scotsman this Saturday. To stop go2 notxt.co.uk,0
Oh unintentionally not bad timing. Great. Fingers  the trains play along! Will give fifteen min warning.,1
Aiyar u so poor thing... I give u my support k... Jia you! I'll think of u...,1
I'm in office now da:)where are you?,1
Hi darlin im on helens fone im gonna b up the princes 2 nite please come up tb love Kate,1
Now that you have started dont stop. Just pray for more good ideas and anything i see that can help you guys i.ll forward you a link.,1
FREE for 1st week! No1 Nokia tone 4 ur mobile every week just txt NOKIA to 8077 Get txting and tell ur mates. www.getzed.co.uk POBox 36504 W45WQ 16+ norm150p/tone,0
Yeah I imagine he would be really gentle. Unlike the other docs who treat their patients like turkeys.,1
Oh shut it. Omg yesterday I had a dream that I had 2 kids both boys. I was so pissed. Not only about the kids but them being boys. I even told mark in my dream that he was changing diapers cause I'm not getting owed in the face.,1
Yup... I havent been there before... You want to go for the yoga? I can call up to book ,1
"YOU VE WON! Your 4* Costa Del Sol Holiday or £5000 await collection. Call 09050090044 Now toClaim. SAE, TC s, POBox334, Stockport, SK38xh, Cost£1.50/pm, Max10mins",0
There are some nice pubs near here or there is Frankie n Bennys near the warner cinema?,1
Sorry * was at the grocers.,1
Sday only joined.so training we started today:),1
"Hmm... Dunno leh, mayb a bag 4 goigng out dat is not too small. Or jus anything except perfume, smth dat i can keep.",1
it's still not working. And this time i also tried adding zeros. That was the savings. The checking is  &lt;#&gt; ,1
That sucks. I'll go over so u can do my hair. You'll do it free right?,1
Any way where are you and what doing.,1
"Rose for red,red for blood,blood for heart,heart for u. But u for me.... Send tis to all ur friends.. Including me.. If u like me.. If u get back, 1-u r poor in relation! 2-u need some 1 to support 3-u r frnd 2 many 4-some1 luvs u 5+- some1 is praying god to marry u.:-) try it....",1
Wot about on wed nite I am 3 then but only til 9!,1
Cuz ibored. And don wanna study,1
"To the wonderful Okors, have a great month. We cherish you guys and wish you well each day. MojiBiola",1
"After my work ah... Den 6 plus lor... U workin oso rite... Den go orchard lor, no other place to go liao...",1
"He is impossible to argue with and he always treats me like his sub, like he never released me ... Which he did and I will remind him of that if necessary",1
"Hi Chikku, send some nice msgs",1
NOT ENUFCREDEIT TOCALL.SHALL ILEAVE UNI AT 6 +GET A BUS TO YOR HOUSE?,1
"Oops I did have it,  &lt;#&gt; ?",1
PRIVATE! Your 2003 Account Statement for 078,0
Lol for real. She told my dad I have cancer,1
Are you driving or training?,1
Aslamalaikkum....insha allah tohar beeen muht albi mufti mahfuuz...meaning same here....,1
Thanks. Fills me with complete calm and reassurance! ,1
"Get 3 Lions England tone, reply lionm 4 mono or lionp 4 poly. 4 more go 2 www.ringtones.co.uk, the original n best. Tones 3GBP network operator rates apply.",0
Argh why the fuck is nobody in town ;_;,1
U definitely need a module from e humanities dis sem izzit? U wan 2 take other modules 1st?,1
December only! Had your mobile 11mths+? You are entitled to update to the latest colour camera mobile for Free! Call The Mobile Update VCo FREE on 08002986906 ,0
I've reached sch already...,1
You have 1 new message. Please call 08715205273,0
Oh you got many responsibilities.,1
"The sign of maturity is not when we start saying big things.. But actually it is, when we start understanding small things... *HAVE A NICE EVENING* BSLVYL",1
I REALLY NEED 2 KISS U I MISS U MY BABY FROM UR BABY 4EVA,1
Ding me on ya break fassyole! Blacko from londn,1
I wnt to buy a BMW car urgently..its vry urgent.but hv a shortage of  &lt;#&gt; Lacs.there is no source to arng dis amt. &lt;#&gt; lacs..thats my prob,1
"A Boy loved a gal. He propsd bt she didnt mind. He gv lv lttrs, Bt her frnds threw thm. Again d boy decided 2 aproach d gal , dt time a truck was speeding towards d gal. Wn it was about 2 hit d girl,d boy ran like hell n saved her. She asked 'hw cn u run so fast?' D boy replied ""Boost is d secret of my energy"" n instantly d girl shouted ""our energy"" n Thy lived happily 2gthr drinking boost evrydy Moral of d story:- I hv free msgs:D;): gud ni8",1
In other news after hassling me to get him weed for a week andres has no money. HAUGHAIGHGTUJHYGUJ,1
This msg is for your mobile content order It has been resent as previous attempt failed due to network error Queries to customersqueries@netvision.uk.com,0
Nope thats fine. I might have a nap tho! ,1
"Aight, call me once you're close",1
"Ah, well that confuses things, doesnt it? I thought was friends with now. Maybe i did the wrong thing but i already sort of invited -tho he may not come cos of money.",1
"TheMob>Hit the link to get a premium Pink Panther game, the new no. 1 from Sugababes, a crazy Zebra animation or a badass Hoody wallpaper-all 4 FREE!",0
Sorry about that this is my mates phone and i didnt write it love Kate,1
But i'm really really broke oh. No amount is too small even  &lt;#&gt; ,1
K.k.this month kotees birthday know?,1
"Hi Shanil,Rakhesh here.thanks,i have exchanged the uncut diamond stuff.leaving back. Excellent service by Dino and Prem.",1
Gokila is talking with you aha:),1
"My fri ah... Okie lor,goin 4 my drivin den go shoppin after tt...",1
No no. I will check all rooms befor activities,1
"St andre, virgil's cream",1
What type of stuff do you sing?,1
I wont do anything de.,1
"Good morning, im suffering from fever and dysentry ..will not be able to come to office today.",1
Omg if its not one thing its another. My cat has worms :/ when does this bad day end?,1
Sorry i missed your call. Can you please call back.,1
Hey happy birthday...,1
Aiya we discuss later lar... Pick ü up at 4 is it?,1
Amazing : If you rearrange these letters it gives the same meaning... Dormitory = Dirty room Astronomer = Moon starer The eyes = They see Election results = Lies lets recount Mother-in-law = Woman Hitler Eleven plus two =Twelve plus one Its Amazing... !:-),1
"Keep ur problems in ur heart, b'coz nobody will fight for u. Only u &amp; u have to fight for ur self &amp; win the battle. -VIVEKANAND- G 9t.. SD..
ham	Yeah, give me a call if you've got a minute
ham	HI BABE UAWAKE?FEELLIKW SHIT.JUSTFOUND OUT VIA ALETTER THATMUM GOTMARRIED 4thNOV.BEHIND OURBACKS  FUCKINNICE!SELFISH,DEVIOUSBITCH.ANYWAY,IL CALL U""",1
Mark works tomorrow. He gets out at 5. His work is by your house so he can meet u afterwards.,1
Do you want a New Nokia 3510i colour phone DeliveredTomorrow? With 300 free minutes to any mobile + 100 free texts + Free Camcorder reply or call 08000930705.,0
"Guy, no flash me now. If you go call me, call me. How madam. Take care oh.",1
"Well, i'm glad you didn't find it totally disagreeable ... Lol",1
"This is the 2nd attempt to contract U, you have won this weeks top prize of either £1000 cash or £200 prize. Just call 09066361921",0
I want to sent  &lt;#&gt; mesages today. Thats y. Sorry if i hurts,1
Gud ni8 dear..slp well..take care..swt dreams..Muah..,1
WIN a £200 Shopping spree every WEEK Starting NOW. 2 play text STORE to 88039. SkilGme. TsCs08714740323 1Winawk! age16 £1.50perweeksub.,0
As in different styles?,1
5p 4 alfie Moon's Children in need song on ur mob. Tell ur m8s. Txt Tone charity to 8007 for Nokias or Poly charity for polys: zed 08701417012 profit 2 charity.,0
Hai dear friends... This is my new &amp; present number..:) By Rajitha Raj (Ranju),1
Talk to g and x about that,1
83039 62735=£450 UK Break AccommodationVouchers terms & conditions apply. 2 claim you mustprovide your claim number which is 15541 ,0
I calls you later. Afternoon onwords mtnl service get problem in south mumbai. I can hear you but you cann't listen me.,1
But your brother transfered only  &lt;#&gt;  +  &lt;#&gt; . Pa.,1
I dunno lei... Like dun haf...,1
Ok i also wan 2 watch e 9 pm show...,1
Havent stuck at orchard in my dad's car. Going 4 dinner now. U leh? So r they free tonight?,1
"Sorry, I'll call you  later. I am in meeting sir.",1
I think i am disturbing her da,1
Free video camera phones with Half Price line rental for 12 mths and 500 cross ntwk mins 100 txts. Call MobileUpd8 08001950382 or Call2OptOut/674,0
"Geeeee ... Your internet is really bad today, eh ?",1
Hey next sun 1030 there's a basic yoga course... at bugis... We can go for that... Pilates intro next sat.... Tell me what time you r free,1
Goodnight da thangam I really miss u dear.,1
Am on a train back from northampton so i'm afraid not! I'm staying skyving off today ho ho! Will be around wednesday though. Do you fancy the comedy club this week by the way?,1
Double Mins & Double Txt & 1/2 price Linerental on Latest Orange Bluetooth mobiles. Call MobileUpd8 for the very latest offers. 08000839402 or call2optout/LF56,0
Lmao you know me so well...,1
"Tick, tick, tick .... Where are you ? I could die of loneliness you know ! *pouts* *stomps feet* I need you ...",1
With my sis lor... We juz watched italian job.,1
I will vote for wherever my heart guides me,1
Yeah so basically any time next week you can get away from your mom &amp; get up before 3,1
Hmmm.still we dont have opener?,1
Desires- u going to doctor 4 liver. And get a bit stylish. Get ur hair managed. Thats it.,1
"We have sent JD for Customer Service cum Accounts Executive to ur mail id, For details contact us",1
"Dunno, my dad said he coming home 2 bring us out 4 lunch. Yup i go w u lor. I call u when i reach school lor...",1
O ic lol. Should play 9 doors sometime yo,1
Jamster! To get your free wallpaper text HEART to 88888 now! T&C apply. 16 only. Need Help? Call 08701213186.,0
She ran off with a younger man. we will make pretty babies together :),1
Natalie (20/F) is inviting you to be her friend. Reply YES-165 or NO-165 See her: www.SMS.ac/u/natalie2k9 STOP? Send STOP FRND to 62468,0
Pls clarify back if an open return ticket that i have can be preponed for me to go back to kerala.,1
Thanks for being there for me just to talk to on saturday. You are very dear to me. I cherish having you as a brother and role model.,1
(You didn't hear it from me),1
You won't believe it but it's true. It's Incredible Txts! Reply G now to learn truly amazing things that will blow your mind. From O2FWD only 18p/txt,0
How many times i told in the stage all use to laugh. You not listen aha.,1
I want to go to perumbavoor,1
"* Was really good to see you the other day dudette, been missing you!",1
Ok i vl..do u know i got adsense approved..,1
Hey... Very inconvenient for your sis a not huh?,1
Is there coming friday is leave for pongal?do you get any news from your work place.,1
I'd like to tell you my deepest darkest fantasies. Call me 09094646631 just 60p/min. To stop texts call 08712460324 (nat rate),0
Go chase after her and run her over while she's crossing the street,1
PRIVATE! Your 2003 Account Statement for shows 800 un-redeemed S.I.M. points. Call 08715203685 Identifier Code:4xx26 Expires 13/10/04,0
Ur cash-balance is currently 500 pounds - to maximize ur cash-in now send GO to 86688 only 150p/meg. CC: 08718720201 HG/Suite342/2lands Row/W1j6HL,0
I was gonna ask you lol but i think its at 7,1
Where you. What happen,1
Anyway holla at me whenever you're around because I need an excuse to go creep on people in sarasota,1
Yes its possible but dint try. Pls dont tell to any one k,1
:-( sad puppy noise,1
"It's cool, we can last a little while. Getting more any time soon?",1
Great! How is the office today?,1
Babe ! What are you doing ? Where are you ? Who are you talking to ? Do you think of me ? Are you being a good boy? Are you missing me? Do you love me ?,1
Dear 0776xxxxxxx U've been invited to XCHAT. This is our final attempt to contact u! Txt CHAT to 86688 150p/MsgrcvdHG/Suite342/2Lands/Row/W1J6HL LDN 18yrs,0
Hey gals...U all wanna meet 4 dinner at nìte? ,1
I think the other two still need to get cash but we can def be ready by 9,1
Hello boytoy ! Geeee ... I'm missing you today. I like to send you a tm and remind you I'm thinking of you ... And you are loved ... *loving kiss*,1
"Uncle G, just checking up on you. Do have a rewarding month",1
U attend ur driving lesson how many times a wk n which day?,1
You have WON a guaranteed £1000 cash or a £2000 prize. To claim yr prize call our customer service representative on 08714712412 between 10am-7pm Cost 10p,0
"By the way, 'rencontre' is to meet again. Mountains dont....",1
"My mobile number.pls sms ur mail id.convey regards to achan,amma.Rakhesh.Qatar",1
Go fool dont cheat others ok,1
Oh k. . I will come tomorrow,1
ILL B DOWN SOON,1
Guess which pub im in? Im as happy as a pig in clover or whatever the saying is! ,1
There's someone here that has a year  &lt;#&gt;  toyota camry like mr olayiwola's own. Mileage is  &lt;#&gt; k.its clean but i need to know how much will it sell for. If i can raise the dough for it how soon after landing will it sell. Holla back.,1
CDs 4u: Congratulations ur awarded £500 of CD gift vouchers or £125 gift guaranteed & Freeentry 2 £100 wkly draw xt MUSIC to 87066 TnCs www.ldew.com1win150ppmx3age16 ,0
You still around? Looking to pick up later,1
"Nope. Since ayo travelled, he has forgotten his guy",1
Well its not like you actually called someone a punto. That woulda been worse.,1
"Hmph. Go head, big baller.",1
Can you talk with me..,1
Esplanade lor. Where else...,1
Happy new year. Hope you are having a good semester,1
"Just looked it up and addie goes back Monday, sucks to be her",1
My drive can only be read. I need to write,1
"HEY KATE, HOPE UR OK... WILL GIVE U A BUZ WEDLUNCH. GO OUTSOMEWHERE 4 ADRINK IN TOWN..CUD GO 2WATERSHD 4 A BIT? PPL FROMWRK WILL BTHERE. LOVE PETEXXX.",1
I'm hungry buy smth home...,1
"We made it! Eta at taunton is 12:30 as planned, hope thats still okday?! Good to see you! :-xx",1
Phony £350 award - Todays Voda numbers ending XXXX are selected to receive a £350 award. If you have a match please call 08712300220 quoting claim code 3100 standard rates app,0
So your telling me I coulda been your real Valentine and I wasn't? U never pick me for NOTHING!!,1
Which channel:-):-):):-).,1
No rushing. I'm not working. I'm in school so if we rush we go hungry.,1
That's y u haf 2 keep me busy...,1
Dont let studying stress you out. L8r.,1
goldviking (29/M) is inviting you to be his friend. Reply YES-762 or NO-762 See him: www.SMS.ac/u/goldviking STOP? Send STOP FRND to 62468,0
Networking job is there.,1
Slept? I thinkThis time ( &lt;#&gt;  pm) is not dangerous,1
I said its okay. Sorry,1
So what u doing today?,1
Spending new years with my brother and his family. Lets plan to meet next week. Are you ready to be spoiled? :),1
JADE ITS PAUL. Y DIDNT U TXT ME? DO U REMEMBER ME FROM BARMED? I WANT 2 TALK 2 U! TXT ME,1
"A boy was late 2 home. His father: ""POWER OF FRNDSHIP""",1
You are gorgeous! keep those pix cumming :) thank you!,1
Yar... I tot u knew dis would happen long ago already.,1
Aiyo u so poor thing... Then u dun wan 2 eat? U bathe already?,1
Oops I was in the shower when u called. Hey a parking garage collapsed at university hospital. See I'm not crazy. Stuff like that DOES happen.,1
I'm fine. Hope you are good. Do take care.,1
Hey come online! Use msn... We are all there,1
We are supposed to meet to discuss abt our trip... Thought xuhui told you? In the afternoon. Thought we can go for lesson after that,1
I will cme i want to go to hos 2morow. After that i wil cme. This what i got from her dear what to do. She didnt say any time,1
Future is not what we planned for tomorrow.....! it is the result of what we do today...! Do the best in present... enjoy the future.,1
You can donate £2.50 to UNICEF's Asian Tsunami disaster support fund by texting DONATE to 864233. £2.50 will be added to your next bill,0
URGENT! We are trying to contact U. Todays draw shows that you have won a £2000 prize GUARANTEED. Call 09058094507 from land line. Claim 3030. Valid 12hrs only,0
"A few people are at the game, I'm at the mall with iouri and kaila",1
Dear Voucher holder Have your next meal on us. Use the following link on your pc 2 enjoy a 2 4 1 dining experiencehttp://www.vouch4me.com/etlp/dining.asp,0
I want to see your pretty pussy...,1
Yup ok...,1
"A bit of Ur smile is my hppnss, a drop of Ur tear is my sorrow, a part of Ur heart is my life, a heart like mine wil care for U, forevr as my GOODFRIEND",1
I want  &lt;#&gt;  rs da:)do you have it?,1
"What i mean was i left too early to check, cos i'm working a 9-6.",1
Why didn't u call on your lunch?,1
I'm vivek:)i got call from your number.,1
"Ahhhh...just woken up!had a bad dream about u tho,so i dont like u right now :) i didnt know anything about comedy night but i guess im up for it.",1
Doing my masters. When will you buy a bb cos i have for sale and how's bf,1
U coming back 4 dinner rite? Dad ask me so i re confirm wif u...,1
I lost 4 pounds since my doc visit last week woot woot! Now I'm gonna celebrate by stuffing my face!,1
"Welcome to Select, an O2 service with added benefits. You can now call our specially trained advisors FREE from your mobile by dialling 402.",0
hi baby im sat on the bloody bus at the mo and i wont be home until about 7:30 wanna do somethin later? call me later ortxt back jess xx,1
Hi its me you are probably having too much fun to get this message but i thought id txt u cos im bored! and james has been farting at me all night,1
I am in bus on the way to calicut,1
"Hi this is Amy, we will be sending you a free phone number in a couple of days, which will give you an access to all the adult parties...",0
Great News! Call FREEFONE 08006344447 to claim your guaranteed £1000 CASH or £2000 gift. Speak to a live operator NOW!,0
I'm already back home so no probably not,1
"Anyway I don't think I can secure anything up here, lemme know if you want me to drive down south and chill",1
Wrong phone! This phone! I answer this one but assume the other is people i don't well,1
Check mail.i have mailed varma and kept copy to you regarding membership.take care.insha allah.,1
"I'm eatin now lor, but goin back to work soon... E mountain deer show huh... I watch b4 liao, very nice...",1
Omg you can make a wedding chapel in frontierville? Why do they get all the good stuff?,1
Ü go home liao? Ask dad to pick me up at 6...,1
Tomarrow i want to got to court. At  &lt;DECIMAL&gt; . So you come to bus stand at 9.,1
No it was cancelled yeah baby! Well that sounds important so i understand my darlin give me a ring later on this fone love Kate x,1
G wants to know where the fuck you are,1
K..k.:)congratulation ..,1
"Hey babe, how's it going ? Did you ever figure out where your going for New Years ?",1
Hey do you want anything to buy:),1
Once free call me sir.,1
Match started.india  &lt;#&gt;  for 2,1
"Good morning, my boytoy! How's those yummy lips ? Where's my sexy buns now ? What do you do ? Do you think of me ? Do you crave me ? Do you need me ?",1
"Hi, the SEXYCHAT girls are waiting for you to text them. Text now for a great night chatting. send STOP to stop this service",0
"Got what it takes 2 take part in the WRC Rally in Oz? U can with Lucozade Energy! Text RALLY LE to 61200 (25p), see packs or lucozade.co.uk/wrc & itcould be u!",0
Just hopeing that wasnt too pissed up to remember and has gone off to his sisters or something!,1
Wanna do some art?! :D,1
"Oh yes, why is it like torture watching england?",1
Ok... Let u noe when i leave my house.,1
We can go 4 e normal pilates after our intro...  ,1
Oh yah... We never cancel leh... Haha ,1
Hi Dear Call me its urgnt. I don't know whats your problem. You don't want to work or if you have any other problem at least tell me. Wating for your reply.,1
"Its so common hearin How r u? Wat r u doing? How was ur day? So let me ask u something different. Did u smile today? If not, do it now.... Gud evng.",1
"G says you never answer your texts, confirm/deny",1
Re your call; You didn't see my facebook huh?,1
Sitting in mu waiting for everyone to get out of my suite so I can take a shower,1
"This is the 2nd time we have tried 2 contact u. U have won the 750 Pound prize. 2 claim is easy, call 08712101358 NOW! Only 10p per min. BT-national-rate",0
"Just dropped em off, omw back now",1
We took hooch for a walk toaday and i fell over! Splat! Grazed my knees and everything! Should have stayed at home! See you tomorrow! ,1
You've already got a flaky parent. It'snot supposed to be the child's job to support the parent...not until they're The Ride age anyway. I'm supposed to be there to support you. And now i've hurt you. unintentional. But hurt nonetheless.,1
"Goal! Arsenal 4 (Henry, 7 v Liverpool 2 Henry scores with a simple shot from 6 yards from a pass by Bergkamp to give Arsenal a 2 goal margin after 78 mins.",0
I am on the way to tirupur.,1
Love that holiday Monday feeling even if I have to go to the dentists in an hour,1
WE REGRET TO INFORM U THAT THE NHS HAS MADE A MISTAKE.U WERE NEVER ACTUALLY BORN.PLEASE REPORT 2 YOR LOCAL HOSPITAL 2B TERMINATED.WE R SORRY 4 THE INCONVENIENCE,1
Will do. Have a good day,1
"I'm in solihull, | do you want anything?",1
Then anything special?,1
Will you come online today night,1
Warner Village 83118 C Colin Farrell in SWAT this wkend @Warner Village & get 1 free med. Popcorn!Just show msg+ticket@kiosk.Valid 4-7/12. C t&c @kiosk. Reply SONY 4 mre film offers,0
"no, i *didn't* mean to post it. I wrote it, and like so many other times i've ritten stuff to you, i let it sit there. it WAS what i was feeling at the time. I was angry. Before i left, i hit send, then stop. It wasn't there. I checked on my phone when i got to my car. It wasn't there. You said you didn't sleep, you were bored. So why wouldn't THAT be the time to clean, fold laundry, etc.? At least make the bed?",1
I;m reaching in another 2 stops.,1
* FREE* POLYPHONIC RINGTONE Text SUPER to 87131 to get your FREE POLY TONE of the week now! 16 SN PoBox202 NR31 7ZS subscription 450pw,0
Taka lor. Wat time u wan 2 come n look 4 us?,1
"ou are guaranteed the latest Nokia Phone, a 40GB iPod MP3 player or a £500 prize! Txt word: COLLECT to No: 83355! IBHltd LdnW15H 150p/Mtmsgrcvd18",0
"Haha, that was the first person I was gonna ask",1
Oh for fuck's sake she's in like tallahassee,1
I cant pick the phone right now. Pls send a message,1
2 and half years i missed your friendship:-),1
Want the latest Video handset? 750 anytime any network mins? Half price line rental? Reply or call 08000930705 for delivery tomorrow,0
Convey my regards to him,1
Send me the new number,1
Miserable. They don't tell u that the side effects of birth control are massive gut wrenching cramps for the first 2 months. I didn't sleep at all last night.,1
Its worse if if uses half way then stops. Its better for him to complete it.,1
Sounds like there could be a lot of time spent in that chastity device boy ... *grins* ... Or take your beatings like a good dog. Going to lounge in a nice long bath now ?,1
"Japanese Proverb: If one Can do it, U too Can do it, If none Can do it,U must do it Indian version: If one Can do it, LET HIM DO it.. If none Can do it,LEAVE it!! And finally Kerala version: If one can do it, Stop him doing it.. If none can do it, Make a strike against it ...",1
You have to pls make a note of all she.s exposed to. Also find out from her school if anyone else was vomiting. Is there a dog or cat in the house? Let me know later.,1
Todays Vodafone numbers ending with 4882 are selected to a receive a £350 award. If your number matches call 09064019014 to receive your £350 award.,0
Or just do that 6times,1
Poor girl can't go one day lmao,1
For many things its an antibiotic and it can be used for chest abdomen and gynae infections even bone infections.,1
"New Theory: Argument wins d SITUATION, but loses the PERSON. So dont argue with ur friends just.. . . . kick them &amp; say, I'm always correct.!",1
As usual u can call me ard 10 smth.,1
When/where do I pick you up,1
alright tyler's got a minor crisis and has to be home sooner than he thought so be here asap,1
Yeah just open chat and click friend lists. Then make the list. Easy as pie,1
No 1 POLYPHONIC tone 4 ur mob every week! Just txt PT2 to 87575. 1st Tone FREE ! so get txtin now and tell ur friends. 150p/tone. 16 reply HL 4info,0
The world's most happiest frnds never have the same characters... Dey just have the best understanding of their differences...,1
lyricalladie(21/F) is inviting you to be her friend. Reply YES-910 or NO-910. See her: www.SMS.ac/u/hmmross STOP? Send STOP FRND to 62468,0
"I know dat feelin had it with Pete! Wuld get with em , nuther place nuther time mayb?",1
Wat happened to the cruise thing,1
Lol! Oops sorry! Have fun. ,1
Hi dis is yijue i would be happy to work wif ü all for gek1510...,1
Well. You know what i mean. Texting,1
Dip's cell dead. So i m coming with him. U better respond else we shall come back.,1
1. Tension face 2. Smiling face 3. Waste face 4. Innocent face 5.Terror face 6.Cruel face 7.Romantic face 8.Lovable face 9.decent face  &lt;#&gt; .joker face.,1
"Watching cartoon, listening music &amp; at eve had to go temple &amp; church.. What about u?",1
Okey dokey swashbuckling stuff what oh.,1
"Oh! Shit, I thought that was your trip! Loooooool ... That just makes SO much more sense now ... *grins* and the sofa reference was ... The ""sleep on a couch"" link you sent me ... Wasn't that how you went on your trip ? Oh ... And didn't your babe go with you for that celebration with your rents?",1
I'm really sorry I lit your hair on fire,1
Sorry da..today i wont come to play..i have driving clas..,1
Bored housewives! Chat n date now! 0871750.77.11! BT-national rate 10p/min only from landlines!,0
**FREE MESSAGE**Thanks for using the Auction Subscription Service. 18 . 150p/MSGRCVD 2 Skip an Auction txt OUT. 2 Unsubscribe txt STOP CustomerCare 08718726270,0
Nokia phone is lovly..,1
"Response is one of d powerful weapon 2 occupy a place in others 'HEART'... So, always give response 2 who cares 4 U""... Gud night..swt dreams..take care",1
"Hey, a guy I know is breathing down my neck to get him some bud, anyway you'd be able to get a half track to usf tonight?",1
Ok...,1
Thanks  and ! Or bomb and date as my phone wanted to say! ,1
yes baby! I need to stretch open your pussy!,1
Same to u...,1
"Also north carolina and texas atm, you would just go to the gre site and pay for the test results to be sent.",1
I'm fine. Hope you are also,1
I liked your new house,1
Gain the rights of a wife.dont demand it.i am trying as husband too.Lets see,1
Maybe you should find something else to do instead???,1
either way works for me. I am  &lt;#&gt;  years old. Hope that doesnt bother you.,1
S.this will increase the chance of winning.,1
I am in escape theatre now. . Going to watch KAVALAN in a few minutes,1
Pls help me tell Ashley that i cant find her number oh,1
Missing you too.pray inshah allah,1
YOU HAVE WON! As a valued Vodafone customer our computer has picked YOU to win a £150 prize. To collect is easy. Just call 09061743386 ,0
I need details about that online job.,1
"Awesome, that gonna be soon or later tonight?",1
"Hmmm.... Mayb can try e shoppin area one, but forgot e name of hotel...",1
PRIVATE! Your 2003 Account Statement for shows 800 un-redeemed S. I. M. points. Call 08715203652 Identifier Code: 42810 Expires 29/10/0,0
That's one of the issues but california is okay. No snow so its manageable,1
All boys made fun of me today. Ok i have no problem. I just sent one message just for fun,1
....photoshop makes my computer shut down.,1
Yay can't wait to party together!,1
"OH RITE. WELL IM WITH MY BEST MATE PETE, WHO I WENT OUT WITH 4 A WEEK+ NOW WERE 2GEVA AGAIN. ITS BEEN LONGER THAN A WEEK.",1
I hope your pee burns tonite.,1
"New Mobiles from 2004, MUST GO! Txt: NOKIA to No: 89545 & collect yours today! From ONLY £1. www.4-tc.biz 2optout 087187262701.50gbp/mtmsg18 TXTAUCTION.",0
Rats. Hey did u ever vote for the next themes?,1
Po de :-):):-):-):-). No need job aha.,1
"The word ""Checkmate"" in chess comes from the Persian phrase ""Shah Maat"" which means; ""the king is dead.."" Goodmorning.. Have a good day..:)",1
"How long before you get reply, just defer admission til next semester",1
Lol no. Just trying to make your day a little more interesting,1
Yup but it's not giving me problems now so mayb i'll jus leave it...,1
"Haha, just what I was thinkin",1
I am going to sleep. I am tired of travel.,1
Not thought bout it... || Drink in tap & spile at seven. || Is that pub on gas st off broad st by canal. || Ok?,1
:-) :-),1
u r a winner U ave been specially selected 2 receive £1000 cash or a 4* holiday (flights inc) speak to a live operator 2 claim 0871277810710p/min (18 ),0
Im good! I have been thinking about you...,1
Check Out Choose Your Babe Videos @ sms.shsex.netUN fgkslpoPW fgkslpo,0
Got smaller capacity one? Quite ex...,1
How's ur paper?,1
Me too. Mark is taking forever to pick up my prescription and the pain is coming back.,1
Anything is valuable in only 2 situations: First- Before getting it... Second- After loosing it...,1
Ü no home work to do meh... ,1
Ummmmmaah Many many happy returns of d day my dear sweet heart.. HAPPY BIRTHDAY dear,1
i can call in  &lt;#&gt;  min if thats ok,1
"fyi I'm at usf now, swing by the room whenever",1
E admin building there? I might b slightly earlier... I'll call u when i'm reaching...,1
"Honey, can you pls find out how much they sell Predicte in Nigeria. And how many times can it be used. Its very important to have a reply before monday",1
"Don't worry though, I understand how important it is that I be put in my place with a poorly thought out punishment in the face of the worst thing that has ever happened to me. Brb gonna go kill myself",1
What's up my own oga. Left my phone at home and just saw ur messages. Hope you are good. Have a great weekend.,1
PRIVATE! Your 2004 Account Statement for 078498****7 shows 786 unredeemed Bonus Points. To claim call 08719180219 Identifier Code: 45239 Expires 06.05.05,0
Call me when u finish then i come n pick u.,1
Sorry for the delay. Yes masters,1
"Er, hello, things didnt quite go to plan  is limping slowly home followed by aa and with exhaust hanging off",1
How do you plan to manage that,1
Reverse is cheating. That is not mathematics.,1
"The guy at the car shop who was flirting with me got my phone number from the paperwork and called and texted me. I'm nervous because of course now he may have my address. Should i call his boss and tell him, knowing this may get him fired?",1
"its cool but tyler had to take off so we're gonna buy for him and drop it off at his place later tonight. Our total order is a quarter, you got enough?",1
I dont know why she.s not getting your messages,1
Just come home. I don't want u to be miserable,1
Santa calling! Would your little ones like a call from Santa Xmas Eve? Call 09077818151 to book you time. Calls1.50ppm last 3mins 30s T&C www.santacalling.com,0
URGENT This is our 2nd attempt to contact U. Your £900 prize from YESTERDAY is still awaiting collection. To claim CALL NOW 09061702893,0
Saw Guys and Dolls last night with Patrick Swayze it was great,1
Sorry that was my uncle. I.ll keep in touch,1
Or u ask they all if next sat can a not. If all of them can make it then i'm ok lor.,1
Gd luck 4 ur exams :-),1
Send me your resume:-),1
Yup. Izzit still raining heavily cos i'm in e mrt i can't c outside.,1
We're on the opposite side from where we dropped you off,1
"Thanx. Yup we coming back on sun. Finish dinner going back 2 hotel now. Time flies, we're tog 4 exactly a mth today. Hope we'll haf many more mths to come...",1
Ü thk of wat to eat tonight.,1
Holy living christ what is taking you so long,1
"Urgent -call 09066649731from Landline. Your complimentary 4* Ibiza Holiday or £10,000 cash await collection SAE T&Cs PO BOX 434 SK3 8WP 150ppm 18+",0
Indeed and by the way it was either or - not both !,1
"Especially since i talk about boston all up in my personal statement, lol! I woulda changed that if i had realized it said nyc! It says boston now.",1
"Call me, i am senthil from hsbc.",1
Yup... Hey then one day on fri we can ask miwa and jiayin take leave go karaoke ,1
Sen told that he is going to join his uncle finance in cbe,1
O we cant see if we can join denis and mina? Or does denis want alone time,1
U R THE MOST BEAUTIFUL GIRL IVE EVER SEEN. U R MY BABY COME AND C ME IN THE COMMON ROOM,1
Sorry completely forgot * will pop em round this week if your still here?,1
Quite lor. But dun tell him wait he get complacent...,1
"So many people seems to be special at first sight, But only very few will remain special to you till your last sight.. Maintain them till life ends.. Sh!jas",1
U repeat e instructions again. Wat's e road name of ur house?,1
Ok then u tell me wat time u coming later lor.,1
"Hi, Mobile no.  &lt;#&gt;  has added you in their contact list on www.fullonsms.com It s a great place to send free sms to people For more visit fullonsms.com",1
Hi..i got the money da:),1
CHEERS LOU! YEAH WAS A GOODNITE SHAME U NEVA CAME! C YA GAILxx,1
watever reLation u built up in dis world only thing which remains atlast iz lonlines with lotz n lot memories! feeling..,1
I'm not sure if its still available though,1
Your unique user ID is 1172. For removal send STOP to 87239 customer services 08708034412,0
Whens your radio show?,1
if you text on your way to cup stop that should work. And that should be BUS,1
Hi.:)technical support.providing assistance to us customer through call and email:),1
Prepare to be pleasured :),1
Me too! Have a lovely night xxx,1
It's é only $140 ard...É rest all ard $180 at least...Which is é price 4 é 2 bedrm ($900),1
I'm home. Doc gave me pain meds says everything is fine.,1
Thanks 4 your continued support Your question this week will enter u in2 our draw 4 £100 cash. Name the NEW US President? txt ans to 80082,0
URGENT! Your Mobile number has been awarded with a £2000 prize GUARANTEED. Call 09061790121 from land line. Claim 3030. Valid 12hrs only 150ppm,0
"hey, looks like I was wrong and one of the kappa guys numbers is still on my phone, if you want I can text him and see if he's around",1
Don't make life too stressfull.. Always find time to Laugh.. It may not add years to your Life! But surely adds more life to ur years!! Gud ni8..swt dreams..,1
U wan 2 haf lunch i'm in da canteen now.,1
Ok lor... Or u wan me go look 4 u?,1
Cashbin.co.uk (Get lots of cash this weekend!) www.cashbin.co.uk Dear Welcome to the weekend We have got our biggest and best EVER cash give away!! These..,0
Well boy am I glad G wasted all night at applebees for nothing,1
Your weekly Cool-Mob tones are ready to download !This weeks new Tones include: 1) Crazy Frog-AXEL F>>> 2) Akon-Lonely>>> 3) Black Eyed-Dont P >>>More info in n,0
"If you're still up, maybe leave the credit card so I can get gas when I get back like he told me to",1
Thanx u darlin!im cool thanx. A few bday drinks 2 nite. 2morrow off! Take care c u soon.xxx,1
The beauty of life is in next second.. which hides thousands of secrets. I wish every second will be wonderful in ur life...!! gud n8,1
"When you just put in the + sign, choose my number and the pin will show. Right?",1
Orh i tot u say she now still dun believe.,1
Camera - You are awarded a SiPix Digital Camera! call 09061221066 fromm landline. Delivery within 28 days.,0
Thinking of u ;) x,1
I am in hospital da. . I will return home in evening,1
Ya very nice. . .be ready on thursday,1
Many more happy returns of the day. I wish you happy birthday.,1
"I keep seeing weird shit and bein all ""woah"" then realising it's actually reasonable and I'm all ""oh""",1
We have pizza if u want,1
I bought the test yesterday. Its something that lets you know the exact day u ovulate.when will get 2u in about 2 to 3wks. But pls pls dont fret. I know u r worried. Pls relax. Also is there anything in ur past history u need to tell me?,1
"Nt only for driving even for many reasons she is called BBD..thts it chikku, then hw abt dvg cold..heard tht vinobanagar violence hw is the condition..and hw ru ? Any problem?",1
"Not for possession, especially not first offense",1
Oh k:)after that placement there ah?,1
Buy Space Invaders 4 a chance 2 win orig Arcade Game console. Press 0 for Games Arcade (std WAP charge) See o2.co.uk/games 4 Terms + settings. No purchase,0
Good Morning my Dear Shijutta........... Have a great &amp; successful day.,1
Wat time r ü going to xin's hostel?,1
K:)eng rocking in ashes:),1
I dont know ask to my brother. Nothing problem some thing that. Just i told .,1
I've reached already.,1
I (Career Tel) have added u as a contact on INDYAROCKS.COM to send FREE SMS. To remove from phonebook - sms NO to  &lt;#&gt;,1
"Had your mobile 10 mths? Update to the latest Camera/Video phones for FREE. KEEP UR SAME NUMBER, Get extra free mins/texts. Text YES for a call",0
Jason says it's cool if we pick some up from his place in like an hour,1
"There'll be a minor shindig at my place later tonight, you interested?",1
"FREE GAME. Get Rayman Golf 4 FREE from the O2 Games Arcade. 1st get UR games settings. Reply POST, then save & activ8. Press 0 key for Arcade. Termsapply",0
HELLO PEACH! MY CAKE TASTS LUSH!,1
"I'm home, my love ... If your still awake ... *loving kiss*",1
"Yup. Anything lor, if u dun wan it's ok...",1
Forgot to tell ü smth.. Can ü like number the sections so that it's clearer..,1
"Aiyo... Her lesson so early... I'm still sleepin, haha... Okie, u go home liao den confirm w me lor...",1
My uncles in Atlanta. Wish you guys a great semester.,1
"K will do, addie &amp; I are doing some art so I'll be here when you get home",1
"Hey. What happened? U switch off ur cell d whole day. This isnt good. Now if u do care, give me a call tomorrow.",1
S:)8 min to go for lunch:),1
Oops i thk i dun haf enuff... I go check then tell ü..,1
Big brothers really scraped the barrel with this shower of social misfits,1
Thats cool princess! I will cover your face in hot sticky cum :),1
Huh so slow i tot u reach long ago liao... U 2 more days only i 4 more leh...,1
Ya i knw u vl giv..its ok thanks kano..anyway enjoy wit ur family wit 1st salary..:-);-),1
"Haha awesome, I might need to take you up on that, what you doin tonight?",1
"Did you say bold, then torch later. Or one torch and 2bold?",1
Wif my family booking tour package.,1
Wow so healthy. Old airport rd lor. Cant thk of anything else. But i'll b bathing my dog later.,1
Hey anyway i have to :-),1
Yar but they say got some error.,1
Mmmmmmm *snuggles into you* ...*deep contented sigh* ... *whispers* ... I fucking love you so much I can barely stand it ...,1
Anytime...,1
I liked the new mobile,1
"WIN: We have a winner! Mr. T. Foley won an iPod! More exciting prizes soon, so keep an eye on ur mobile or visit www.win-82050.co.uk",0
Yes fine ,1
Don no da:)whats you plan?,1
"Okey dokey, ill be over in a bit just sorting some stuff out.",1
A guy who gets used but is too dumb to realize it.,1
"URGENT! Your Mobile No 07808726822 was awarded a £2,000 Bonus Caller Prize on 02/09/03! This is our 2nd attempt to contact YOU! Call 0871-872-9758 BOX95QU",0
Pls give her the food preferably pap very slowly with loads of sugar. You can take up to an hour to give it. And then some water. Very very slowly.,1
Tessy..pls do me a favor. Pls convey my birthday wishes to Nimya..pls dnt forget it. Today is her birthday Shijas,1
"By march ending, i should be ready. But will call you for sure. The problem is that my capital never complete. How far with you. How's work and the ladies",1
Surly ill give it to you:-) while coming to review.,1
Ok no prob,1
"Didn't try, g and I decided not to head out",1
Hmmm.but you should give it on one day..,1
Eatin my lunch...,1
But pls dont play in others life.,1
"Alright we'll bring it to you, see you in like  &lt;#&gt;  mins",1
"My life Means a lot to me, Not because I love my life, But because I love the people in my life, The world calls them friends, I call them my World:-).. Ge:-)..",1
Ok u can take me shopping when u get paid =D,1
"Haha yeah, 2 oz is kind of a shitload",1
Are you staying in town ?,1
"That's cool he'll be here all night, lemme know when you're around",1
Sry da..jst nw only i came to home..,1
It is a good thing I'm now getting the connection to bw,1
Wewa is 130. Iriver 255. All 128 mb.,1
Ü ready then call me...,1
"Hi babe its Chloe, how r u? I was smashed on saturday night, it was great! How was your weekend? U been missing me? SP visionsms.com Text stop to stop 150p/text",0
I'm leaving my house now.,1
I forgot 2 ask ü all smth.. There's a card on da present lei... How? Ü all want 2 write smth or sign on it?,1
"Customer service announcement. We recently tried to make a delivery to you but were unable to do so, please call 07099833605 to re-schedule. Ref:9280114",0
"Probably not, I'm almost out of gas and I get some cash tomorrow",1
"I didnt get ur full msg..sometext is missing, send it again",1
"When I was born, GOD said, ""Oh No! Another IDIOT"". When you were born, GOD said, ""OH No! COMPETITION"". Who knew, one day these two will become FREINDS FOREVER!",1
IM REALY SOZ IMAT MY MUMS 2NITE WHAT ABOUT 2MORO ,1
I send the print  outs da.,1
Not..tel software name..,1
Ok set let u noe e details later...,1
Mum not going robinson already.,1
No. Yes please. Been swimming?,1
Ladies first and genus second k .,1
Ok no prob...,1
You call him and tell now infront of them. Call him now.,1
I cant pick the phone right now. Pls send a message,1
This message is from a great Doctor in India:-): 1) Do not drink APPY FIZZ. It contains Cancer causing age,1
PRIVATE! Your 2003 Account Statement for shows 800 un-redeemed S. I. M. points. Call 08718738002 Identifier Code: 48922 Expires 21/11/04,0
"K, I'll work something out",1
Our Prasanth ettans mother passed away last night. Just pray for her and family.,1
Hope you are having a great day.,1
Lol yes. But it will add some spice to your day.,1
Where r e meeting tmr?,1
A £400 XMAS REWARD IS WAITING FOR YOU! Our computer has randomly picked you from our loyal mobile customers to receive a £400 reward. Just call 09066380611 ,0
"Finally it has happened..! Aftr decades..! BEER is now cheaper than PETROL! The goverment expects us to ""DRINK"". . . But don't ""DRIVE """,1
"Please protect yourself from e-threats. SIB never asks for sensitive information like Passwords,ATM/SMS PIN thru email. Never share your password with anybody.",1
We are okay. Going to sleep now. Later,1
God created gap btwn ur fingers so dat sum1 vry special will fill those gaps by holding ur hands.. Now plz dont ask y he created so much gap between legs !!!,1
We tried to contact you re your reply to our offer of a Video Phone 750 anytime any network mins Half Price Line Rental Camcorder Reply or call 08000930705,0
Are you planning to come chennai?,1
Did u got that persons story,1
Sorry i din lock my keypad.,1
You are being ripped off! Get your mobile content from www.clubmoby.com call 08717509990 poly/true/Pix/Ringtones/Games six downloads for only 3,0
Havent.,1
Do you hide anythiing or keeping distance from me,1
Of course. I guess god's just got me on hold right now.,1
Captain vijaykanth is doing comedy in captain tv..he is drunken :),1
Oh ho. Is this the first time u use these type of words,1
K k pa Had your lunch aha.,1
How come i din c ü... Yup i cut my hair...,1
These won't do. Have to move on to morphine,1
Oh wow thats gay. Will firmware update help,1
"I'm in a meeting, call me later at",1
"Got hella gas money, want to go on a grand nature adventure with galileo in a little bit?",1
Everybody had fun this evening. Miss you.,1
Only saturday and sunday holiday so its very difficult:),1
Todays Voda numbers ending with 7634 are selected to receive a £350 reward. If you have a match please call 08712300220 quoting claim code 7684 standard rates apply.,0
Please call our customer service representative on 0800 169 6031 between 10am-9pm as you have WON a guaranteed £1000 cash or £5000 prize!,0
Lol ... I knew that .... I saw him in the dollar store,1
I'm on the bus. Love you,1
Jus finish blowing my hair. U finish dinner already?,1
"U need my presnts always bcz U cant mis love. ""jeevithathile irulinae neekunna prakasamanu sneham"" prakasam ennal prabha 'That mns prabha is'LOVE' Got it. Dont mis me....",1
They finally came to fix the ceiling.,1
"Received, understood n acted upon!",1
THIS IS A LONG FUCKIN SHOWR,1
"Sorry, I'll call later In meeting.",1
Nvm... I'm going to wear my sport shoes anyway... I'm going to be late leh.,1
Good. do you think you could send me some pix? I would love to see your top and bottom...,1
Ü called dad oredi...,1
Sunshine Quiz! Win a super Sony DVD recorder if you canname the capital of Australia? Text MQUIZ to 82277. B,0
hows my favourite person today? r u workin hard? couldn't sleep again last nite nearly rang u at 4.30,1
How much you got for cleaning,1
Sorry da. I gone mad so many pending works what to do.,1
Wat time ü finish?,1
Just glad to be talking to you.,1
"UpgrdCentre Orange customer, you may now claim your FREE CAMERA PHONE upgrade for your loyalty. Call now on 0207 153 9153. Offer ends 26th July. T&C's apply. Opt-out available",0
"Loan for any purpose £500 - £75,000. Homeowners + Tenants welcome. Have you been previously refused? We can still help. Call Free 0800 1956669 or text back 'help'",0
Congrats! Nokia 3650 video camera phone is your Call 09066382422 Calls cost 150ppm Ave call 3mins vary from mobiles 16+ Close 300603 post BCM4284 Ldn WC1N3XX,0
URGENT! Your Mobile number has been awarded with a £2000 prize GUARANTEED. Call 09058094455 from land line. Claim 3030. Valid 12hrs only,0
Someone has contacted our dating service and entered your phone because they fancy you! To find out who it is call from a landline 09111032124 . PoBox12n146tf150p,0
Send a logo 2 ur lover - 2 names joined by a heart. Txt LOVE NAME1 NAME2 MOBNO eg LOVE ADAM EVE 07123456789 to 87077 Yahoo! POBox36504W45WQ TxtNO 4 no ads 150p,0
FREE entry into our £250 weekly competition just text the word WIN to 80086 NOW. 18 T&C www.txttowin.co.uk,0
100 dating service cal;l 09064012103 box334sk38ch,0
"FREE RINGTONE text FIRST to 87131 for a poly or text GET to 87131 for a true tone! Help? 0845 2814032 16 after 1st free, tones are 3x£150pw to e£nd txt stop",0
4mths half price Orange line rental & latest camera phones 4 FREE. Had your phone 11mths ? Call MobilesDirect free on 08000938767 to update now! or2stoptxt,0
"Double mins and txts 4 6months FREE Bluetooth on Orange. Available on Sony, Nokia Motorola phones. Call MobileUpd8 on 08000839402 or call2optout/N9DX",0
"Thanks for your Ringtone Order, Reference T91. You will be charged GBP 4 per week. You can unsubscribe at anytime by calling customer services on 09057039994",0
Here is your discount code RP176781. To stop further messages reply stop. www.regalportfolio.co.uk. Customer Services 08717205546,0
"Update_Now - Xmas Offer! Latest Motorola, SonyEricsson & Nokia & FREE Bluetooth! Double Mins & 1000 Txt on Orange. Call MobileUpd8 on 08000839402 or call2optout/F4Q=",0
Ur cash-balance is currently 500 pounds - to maximize ur cash-in now send CASH to 86688 only 150p/msg. CC: 08708800282 HG/Suite342/2Lands Row/W1J6HL,0
Congratulations ur awarded 500 of CD vouchers or 125gift guaranteed & Free entry 2 100 wkly draw txt MUSIC to 87066 TnCs www.Ldew.com1win150ppmx3age16,0
Fancy a shag? I do.Interested? sextextuk.com txt XXUK SUZY to 69876. Txts cost 1.50 per msg. TnCs on website. X,0
Valentines Day Special! Win over £1000 in our quiz and take your partner on the trip of a lifetime! Send GO to 83600 now. 150p/msg rcvd. CustCare:08718720201.,0
Call Germany for only 1 pence per minute! Call from a fixed line via access number 0844 861 85 85. No prepayment. Direct access!,0
December only! Had your mobile 11mths+? You are entitled to update to the latest colour camera mobile for Free! Call The Mobile Update Co FREE on 08002986906,0
"Think ur smart ? Win £200 this week in our weekly quiz, text PLAY to 85222 now!T&Cs WinnersClub PO BOX 84, M26 3UZ. 16+. GBP1.50/week",0
"TheMob> Check out our newest selection of content, Games, Tones, Gossip, babes and sport, Keep your mobile fit and funky text WAP to 82468",0
"SMS. ac Blind Date 4U!: Rodds1 is 21/m from Aberdeen, United Kingdom. Check Him out http://img. sms. ac/W/icmb3cktz8r7!-4 no Blind Dates send HIDE",0
T-Mobile customer you may now claim your FREE CAMERA PHONE upgrade & a pay & go sim card for your loyalty. Call on 0845 021 3680.Offer ends 28thFeb.T&C's apply,0
HMV BONUS SPECIAL 500 pounds of genuine HMV vouchers to be won. Just answer 4 easy questions. Play Now! Send HMV to 86688 More info:www.100percent-real.com,0
Ringtone Club: Get the UK singles chart on your mobile each week and choose any top quality ringtone! This message is free of charge.,0
Ur ringtone service has changed! 25 Free credits! Go to club4mobiles.com to choose content now! Stop? txt CLUB STOP to 87070. 150p/wk Club4 PO Box1146 MK45 2WT,0
Hey I am really horny want to chat or see me naked text hot to 69698 text charged at 150pm to unsubscribe text stop 69698,0
We tried to contact you re your reply to our offer of a Video Handset? 750 anytime networks mins? UNLIMITED TEXT? Camcorder? Reply or call 08000930705 NOW,0
Congratulations ur awarded 500 of CD vouchers or 125gift guaranteed & Free entry 2 100 wkly draw txt MUSIC to 87066 TnCs www.Ldew.com1win150ppmx3age16,0
U 447801259231 have a secret admirer who is looking 2 make contact with U-find out who they R*reveal who thinks UR so special-call on 09058094597,0
Text & meet someone sexy today. U can find a date or even flirt its up to U. Join 4 just 10p. REPLY with NAME & AGE eg Sam 25. 18 -msg recd@thirtyeight pence,0
"Will u meet ur dream partner soon? Is ur career off 2 a flyng start? 2 find out free, txt HORO followed by ur star sign, e. g. HORO ARIES",0
"500 New Mobiles from 2004, MUST GO! Txt: NOKIA to No: 89545 & collect yours today!From ONLY £1 www.4-tc.biz 2optout 087187262701.50gbp/mtmsg18",0
Are you unique enough? Find out from 30th August. www.areyouunique.co.uk,0
Please call our customer service representative on FREEPHONE 0808 145 4742 between 9am-11pm as you have WON a guaranteed £1000 cash or £5000 prize!,0
URGENT! We are trying to contact you. Last weekends draw shows that you have won a £900 prize GUARANTEED. Call 09061701939. Claim code S89. Valid 12hrs only,0
"BangBabes Ur order is on the way. U SHOULD receive a Service Msg 2 download UR content. If U do not, GoTo wap. bangb. tv on UR mobile internet/service menu",0
-PLS STOP bootydelious (32/F) is inviting you to be her friend. Reply YES-434 or NO-434 See her: www.SMS.ac/u/bootydelious STOP? Send STOP FRND to 62468,0
You are a winner U have been specially selected 2 receive £1000 cash or a 4* holiday (flights inc) speak to a live operator 2 claim 0871277810810,0
Customer service annoncement. You have a New Years delivery waiting for you. Please call 07046744435 now to arrange delivery,0
"FreeMsg Why haven't you replied to my text? I'm Randy, sexy, female and live local. Luv to hear from u. Netcollex Ltd 08700621170150p per msg reply Stop to end",0
You'll not rcv any more msgs from the chat svc. For FREE Hardcore services text GO to: 69988 If u get nothing u must Age Verify with yr network & try again,0
Want 2 get laid tonight? Want real Dogging locations sent direct 2 ur mob? Join the UK's largest Dogging Network bt Txting GRAVEL to 69888! Nt. ec2a. 31p.msg@150p,0
Sunshine Quiz Wkly Q! Win a top Sony DVD player if u know which country the Algarve is in? Txt ansr to 82277. £1.50 SP:Tyrone,0
Todays Voda numbers ending 7548 are selected to receive a $350 award. If you have a match please call 08712300220 quoting claim code 4041 standard rates app,0
"URGENT! Your Mobile No. was awarded £2000 Bonus Caller Prize on 5/9/03 This is our final try to contact U! Call from Landline 09064019788 BOX42WR29C, 150PPM",0
PRIVATE! Your 2004 Account Statement for 07742676969 shows 786 unredeemed Bonus Points. To claim call 08719180248 Identifier Code: 45239 Expires,0
You are a winner U have been specially selected 2 receive £1000 or a 4* holiday (flights inc) speak to a live operator 2 claim 0871277810910p/min (18+) ,0
GENT! We are trying to contact you. Last weekends draw shows that you won a £1000 prize GUARANTEED. Call 09064012160. Claim Code K52. Valid 12hrs only. 150ppm,0
Please call our customer service representative on 0800 169 6031 between 10am-9pm as you have WON a guaranteed £1000 cash or £5000 prize!,0
"Did you hear about the new ""Divorce Barbie""? It comes with all of Ken's stuff!",0
"Urgent UR awarded a complimentary trip to EuroDisinc Trav, Aco&Entry41 Or £1000. To claim txt DIS to 87121 18+6*£1.50(moreFrmMob. ShrAcomOrSglSuplt)10, LS1 3AJ",0
"As a valued customer, I am pleased to advise you that following recent review of your Mob No. you are awarded with a £1500 Bonus Prize, call 09066364589",0
"Congrats! 1 year special cinema pass for 2 is yours. call 09061209465 now! C Suprman V, Matrix3, StarWars3, etc all 4 FREE! bx420-ip4-5we. 150pm. Dont miss out! ",0
SMS. ac Sptv: The New Jersey Devils and the Detroit Red Wings play Ice Hockey. Correct or Incorrect? End? Reply END SPTV,0
07732584351 - Rodger Burns - MSG = We tried to call you re your reply to our sms for a free nokia mobile + free camcorder. Please call now 08000930705 for delivery tomorrow,0
Thanks for your subscription to Ringtone UK your mobile will be charged £5/month Please confirm by replying YES or NO. If you reply NO you will not be charged,0
"England v Macedonia - dont miss the goals/team news. Txt ur national team to 87077 eg ENGLAND to 87077 Try:WALES, SCOTLAND 4txt/ú1.20 POBOXox36504W45WQ 16+",0
"XXXMobileMovieClub: To use your credit, click the WAP link in the next txt message or click here>> http://wap. xxxmobilemovieclub.com?n=QJKGIGHJJGCBL",0
"URGENT! You have won a 1 week FREE membership in our £100,000 Prize Jackpot! Txt the word: CLAIM to No: 81010 T&C www.dbuk.net LCCLTD POBOX 4403LDNW1A7RW18",0
"SIX chances to win CASH! From 100 to 20,000 pounds txt> CSH11 and send to 87575. Cost 150p/day, 6days, 16+ TsandCs apply Reply HL 4 info",0
Had your mobile 11 months or more? U R entitled to Update to the latest colour mobiles with camera for Free! Call The Mobile Update Co FREE on 08002986030,0
WINNER!! As a valued network customer you have been selected to receivea £900 prize reward! To claim call 09061701461. Claim code KL341. Valid 12 hours only.,0
"FreeMsg Hey there darling it's been 3 week's now and no word back! I'd like some fun you up for it still? Tb ok! XxX std chgs to send, £1.50 to rcv",0
Free entry in 2 a wkly comp to win FA Cup final tkts 21st May 2005. Text FA to 87121 to receive entry question(std txt rate)T&C's apply 08452810075over18's,0
Y de asking like this.,1
We live in the next  &lt;#&gt; mins,1
Been running but only managed 5 minutes and then needed oxygen! Might have to resort to the roller option!,1
"Oh... Haha... Den we shld had went today too... Gee, nvm la... Kaiez, i dun mind goin jazz oso... Scared hiphop open cant catch up... ",1
"I need an 8th but I'm off campus atm, could I pick up in an hour or two?",1
THANX 4 PUTTIN DA FONE DOWN ON ME!!,1
And I don't plan on staying the night but I prolly won't be back til late,1
"Hey j! r u feeling any better, hopeSo hunny. i amnow feelin ill & ithink i may have tonsolitusaswell! damn iam layin in bedreal bored. lotsof luv me xxxx",1
FreeMsg: Txt: CALL to No: 86888 & claim your reward of 3 hours talk time to use from your phone now! Subscribe6GBP/mnth inc 3hrs 16 stop?txtStop,0
Hi did u decide wot 2 get 4 his bday if not ill prob jus get him a voucher frm virgin or sumfing ,1
Have you laid your airtel line to rest?,1
I'm stuck in da middle of da row on da right hand side of da lt... ,1
Full heat pa:-) i have applyed oil pa.,1
"Carlos is down but I have to pick it up from him, so I'll swing by usf in a little bit",1
Yo sorry was in the shower sup,1
I had a good time too. Its nice to do something a bit different with my weekends for a change. See ya soon,1
It's ok i wun b angry. Msg u aft i come home tonight.,1
Right it wasnt you who phoned it was someone with a number like yours!,1
Well done ENGLAND! Get the official poly ringtone or colour flag on yer mobile! text TONE or FLAG to 84199 NOW! Opt-out txt ENG STOP. Box39822 W111WX £1.50,0
Tomorrow i am not going to theatre. . . So i can come wherever u call me. . . Tell me where and when to come tomorrow,1
Have you not finished work yet or something?,1
I wanted to wish you a Happy New Year and I wanted to talk to you about some legal advice to do with when Gary and I split but in person. I'll make a trip to Ptbo for that. I hope everything is good with you babe and I love ya :),1
"I'll see if I can swing by in a bit, got some things to take care of here firsg",1
"Mila, age23, blonde, new in UK. I look sex with UK guys. if u like fun with me. Text MTALK to 69866.18 . 30pp/txt 1st 5free. £1.50 increments. Help08718728876",0
U have a Secret Admirer who is looking 2 make contact with U-find out who they R*reveal who thinks UR so special-call on 09065171142-stopsms-08718727870150ppm,0
Noooooooo please. Last thing I need is stress. For once in your life be fair.,1
"For ur chance to win a £250 wkly shopping spree TXT: SHOP to 80878. T's&C's www.txt-2-shop.com custcare 08715705022, 1x150p/wk",0
Wow didn't think it was that common. I take it all back ur not a freak! Unless u chop it off:-),1
Not course. Only maths one day one chapter with in one month we can finish.,1
Hi ....My engagement has been fixd on  &lt;#&gt; th of next month. I know its really shocking bt....hmm njan vilikkam....t ws al of a sudn;-(.,1
No plans yet. What are you doing ?,1
"Urgent! call 09066350750 from your landline. Your complimentary 4* Ibiza Holiday or 10,000 cash await collection SAE T&Cs PO BOX 434 SK3 8WP 150 ppm 18+",0
"Had your contract mobile 11 Mnths? Latest Motorola, Nokia etc. all FREE! Double Mins & Text on Orange tariffs. TEXT YES for callback, no to remove from records",0
Congratulations ur awarded 500 of CD vouchers or 125gift guaranteed & Free entry 2 100 wkly draw txt MUSIC to 87066,0
Not directly behind... Abt 4 rows behind ü...,1
:( but your not here....,1
URGENT! This is the 2nd attempt to contact U!U have WON £1000CALL 09071512432 b4 300603t&csBCM4235WC1N3XX.callcost150ppmmobilesvary. max£7. 50,0
Omg how did u know what I ate?,1
"CHA QUITEAMUZING THATSCOOL BABE,PROBPOP IN & CU SATTHEN HUNNY 4BREKKIE! LOVE JEN XXX. PSXTRA LRG PORTIONS 4 ME PLEASE ",1
Wanna have a laugh? Try CHIT-CHAT on your mobile now! Logon by txting the word: CHAT and send it to No: 8883 CM PO Box 4217 London W1A 6ZF 16+ 118p/msg rcvd,0
At WHAT TIME should i come tomorrow,1
hiya hows it going in sunny africa? hope u r avin a good time. give that big old silver back a big kiss from me.,1
But you were together so you should be thinkin about him,1
Should i buy him a blackberry bold 2 or torch. Should i buy him new or used. Let me know. Plus are you saying i should buy the  &lt;#&gt; g wifi ipad. And what are you saying about the about the  &lt;#&gt; g?,1
"Honeybee Said: *I'm d Sweetest in d World* God Laughed &amp; Said: *Wait,U Havnt Met d Person Reading This Msg* MORAL: Even GOD Can Crack Jokes! GM+GN+GE+GN:)",1
Tell me again what your address is,1
"Come around  &lt;DECIMAL&gt; pm vikky..i'm otside nw, il come by tht time",1
How much u trying to get?,1
Good afternoon my boytoy. How goes that walking here and there day ? Did you get that police abstract? Are you still out and about? I wake and miss you babe,1
I'm awake oh. What's up.,1
Think + da. You wil do.,1
PISS IS TALKING IS SOMEONE THAT REALISE U THAT POINT THIS AT IS IT.(NOW READ IT BACKWARDS),1
I am in hospital da. . I will return home in evening,1
Gettin rdy to ship comp,1
"7 wonders in My WORLD 7th You 6th Ur style 5th Ur smile 4th Ur Personality 3rd Ur Nature 2nd Ur SMS and 1st ""Ur Lovely Friendship""... good morning dear",1
Try to do something dear. You read something for exams,1
Sun ah... Thk mayb can if dun have anythin on... Thk have to book e lesson... E pilates is at orchard mrt u noe hor...  ,1
"SYMPTOMS when U are in love: ""1.U like listening songs 2.U get stopped where u see the name of your beloved 3.U won't get angry when your",1
Great. Have a safe trip. Dont panic surrender all.,1
